Test Number,Number of Bytes (in GIO),Time(s),Throughput (MB/s)
1,1,3.26184,329
2,1,3.35916,320
3,1,3.32088,323
4,1,3.34636,321
5,1,3.40592,315

